"","species","pH","temp","silicate","Type","depth"
"1","",0.615712820803482,17.1430062140799,20.1155408525387,0.786640259272596,39.4074351818509
"2","Aaptos aaptos",0.568444430828095,20.3828096666667,14.2098677777778,1,16.8777777777778
"3","Aaptos conferta",0.576499998569489,14.708528,5.033844,1,16.5
"4","Aaptos globosa",0.568499997258186,17.73314825,1.88134075,1,8.1
"5","Aaptos nigra",0.473090903325514,18.2437450909091,11.2653676363636,1,4.18181818181818
"6","Aaptos pernucleata",0.665000021457672,7.667437,20.286915,1,19.3333333333333
"7","Aaptos rosacea",0.625,8.889706,12.031353,1,45
"8","Aaptos tenta",0.638999998569489,17.709132,1.95604,1,25
"9","Abyssocladia flagrum",0.913999974727631,4.03195,74.332085,1,90
"10","Acanthella acuta",0.474400001764297,16.3207534,5.5735654,1,19.65
"11","Acanthella cavernosa",0.580679997801781,21.96488012,10.26996174,1,22.043
"12","Acanthella costata",0.507000005245209,25.027917,2.2180506,1,23.26
"13","Acanthella dendyi",0.608750000596046,12.253724,7.717043,1,56.3
"14","Acanthoclada prostrata",0.554000020027161,17.021804,2.089195,1,51
"15","Acarnus erithacus",0.275166663030783,11.9999406666667,42.32339375,1,25.4583333333333
"16","Acarnus guentheri",0.449999988079071,16.938387,2.571055,1,27
"17","Acarnus hoshinoi",0.542999982833862,26.8255,4.223499,1,30
"18","Acarnus michoacanensis",0.402999997138977,6.199792,80.973251,1,4
"19","Acarnus oaxaquensis",0.449666659037272,11.6443936666667,88.470668,1,1.83333333333333
"20","Acarnus peruanus",0.335999995470047,14.019533,16.243092,1,2
"21","Acarnus sabulum",0.372333327929179,17.359311,8.32797733333333,1,2
"22","Acheliderma fulvum",0.423000007867813,26.489479,4.672653,1,5
"23","Aciculites pulchra",0.545000016689301,15.825105,2.755553,1,92.5
"24","Adreus australiensis",0.477250002324581,26.971845,5.86306,1,30.125
"25","Agelas axifera",0.548666670918465,17.6032766666667,24.9380151666667,1,24.9166666666667
"26","Agelas citrina",0.657250016927719,11.77309425,16.6171395,1,16
"27","Agelas clathrodes",0.661244897209868,20.4299172857143,7.50464463265306,1,7.69295918367347
"28","Agelas conifera",0.583999998867512,21.90055975,5.3034505,1,10.075
"29","Agelas dispar",0.558909099210392,19.9095937272727,8.76221963636364,1,11.7818181818182
"30","Agelas gracilis",0.647333343823751,21.7448046666667,8.95092333333333,1,46.7666666666667
"31","Agelas linnaei",0.550999999046326,14.332537,7.699358,1,22.5
"32","Agelas mauritiana",0.65221053048184,18.6029158947368,19.0948550526316,1,24.9052631578947
"33","Agelas oroides",0.521111104223463,14.0032717222222,5.66599594444444,1,18.4722222222222
"34","Agelas schmidtii",0.641833345095317,16.3837748333333,12.8872953333333,1,10.6666666666667
"35","Agelas sventres",0.638000011444092,16.6362865,12.857261,1,7.625
"36","Agelas tubulata",0.515333354473114,24.2886746666667,4.48794666666667,1,4.66666666666667
"37","Agelas wiedenmayeri",0.601000003516674,16.48565125,12.41718725,1,15
"38","Aiolochroia crassa",0.597527276927775,22.2735478818182,5.69539791818182,0,21.8349090909091
"39","Amorphinopsis fenestrata",0.493499994277954,27.6651615,6.0829355,1,38.8
"40","Amorphinopsis maculosa",0.677066662576463,23.1030794888889,19.5911263555556,1,23.4122222222222
"41","Amphilectus digitatus",0.867388890021377,4.66065830555556,55.2766043194444,1,76.3541666666667
"42","Amphilectus fucorum",0.699000000953675,10.811402,11.295246,1,11.25
"43","Amphilectus ovulum",0.866666664679845,4.52535383333333,61.042463,1,82.6666666666667
"44","Amphimedon aculeata",0.644714283091681,14.254971,42.7185975714286,1,26.8714285714286
"45","Amphimedon caribica",0.514750018715858,19.8872745,8.64036775,1,3.9375
"46","Amphimedon complanata",0.418000012636185,26.292754,4.948859,1,5.3
"47","Amphimedon compressa",0.663371426931449,21.32461085,6.34693475714286,1,6.29821428571429
"48","Amphimedon erina",0.720000028610229,26.476953,6.5276145,1,1.375
"49","Amphimedon nanaspiculata",0.423000007867813,26.235831,4.915685,1,0
"50","Amphimedon queenslandica",0.516333358155356,24.4005372222222,2.17952855555556,1,6.02777777777778
"51","Amphimedon sulcata",0.555999994277954,23.501522,1.867329,1,73
"52","Amphimedon texotli",0.420099991559982,16.122979,26.4341677,1,2
"53","Amphimedon trindanea",0.638000011444092,9.204172,32.191689,1,11.43
"54","Amphimedon viridis",0.62494736282449,23.8405629473684,5.84452973684211,1,2.13684210526316
"55","Ancorina bellae",0.591666678587596,8.050871,25.1075553333333,1,38
"56","Ancorina buldira",0.819000005722046,6.617969,46.882679,1,23
"57","Ancorina geodides",0.635083337624868,13.894271,5.12931458333333,1,15.4166666666667
"58","Ancorina robusta",0.586250007152558,15.55706925,2.346178,1,16.125
"59","Antho chartacea",0.592999994754791,16.842352,2.841588,1,85
"60","Antho karykina",0.449999988079071,9.099524,46.958382,1,3.66666666666667
"61","Antho lambei",0.444999992847443,11.007668,38.6980285,1,2.75
"62","Antho lithophoenix",0.449999988079071,9.099524,46.958382,1,3
"63","Antho novizelanica",0.555999994277954,17.952546,1.796359,1,6.71666666666667
"64","Aplysilla glacialis",0.471000000834465,19.36945175,21.8702846666667,0,2.83333333333333
"65","Aplysilla rosea",0.773999989032745,11.878364,2.3379025,0,6.2
"66","Aplysilla sulfurea",0.505176461794797,15.6500431176471,11.6074077647059,0,7.31764705882353
"67","Aplysina aerophoba",0.498814816828127,15.866954962963,5.49969137037037,0,9.62592592592593
"68","Aplysina alcicornis",0.46050001680851,25.5398465,4.7491575,0,5.5
"69","Aplysina archeri",0.600200009346008,11.656792,13.0410506,0,8.263
"70","Aplysina azteca",0.483999997377396,23.154052,3.829049,0,5.25
"71","Aplysina cauliformis",0.60833332935969,19.397981,10.7051356666667,0,12.8333333333333
"72","Aplysina cavernicola",0.597000002861023,13.701342,2.25083,0,44.5
"73","Aplysina chiriquiensis",0.416999995708466,22.719856,3.605711,0,2
"74","Aplysina clathrata",0.377749994397164,20.3109315,13.7172725,0,5.75
"75","Aplysina fistularis",0.639076084870359,22.7397560217391,6.18144897826087,0,7.20923913043478
"76","Aplysina fulva",0.533866681655248,23.1432388666667,6.2612812,0,5.41666666666667
"77","Aplysina gerardogreeni",0.431428571258272,14.0177330857143,46.8675188571429,0,4.50714285714286
"78","Aplysina insularis",0.5927692342263,18.0108130769231,9.01048892307692,0,6.73423076923077
"79","Aplysina lacunosa",0.52214287008558,24.9478818571429,4.69308642857143,0,7.19642857142857
"80","Aplysina lendenfeldi",0.541999995708466,16.099158,2.923009,0,25
"81","Aplysina muricyana",0.649384609399698,21.4842024102564,8.37465317948718,0,5.30769230769231
"82","Aplysina revillagigedi",0.573000013828278,8.29933066666667,71.1855823333333,0,2.5
"83","Aplysina sciophila",0.665000021457672,7.667437,20.286915,0,21.6
"84","Aplysinella rhax",0.603666676415337,14.8808978888889,54.8249516666667,0,26.5
"85","Artemisina apollinis",0.865000009536743,-0.902264,96.812416,1,46
"86","Artemisina tubulosa",0.629000008106232,-1.587007,75.155777,1,50
"87","Astrosclera willeyana",0.62924998998642,5.97392925,80.19100075,1,17.25
"88","Auletta dendrophora",0.273999989032745,10.545234,50.426891,1,61.5
"89","Auletta krautteri",0.91100001335144,3.892972,42.096012,1,91
"90","Aulospongus cerebella",0.273999989032745,10.545234,50.426891,1,61.5
"91","Aulospongus similiaustralis",0.518999993801117,25.753986,3.594227,1,19.5714285714286
"92","Axinella aruensis",0.578999996185303,14.806579,4.34949,1,60
"93","Axinella blanca",0.877555549144745,4.56059355555556,48.1495674444444,1,81.8888888888889
"94","Axinella cannabina",0.554999987284343,13.4686816666667,8.63361066666667,1,17.5
"95","Axinella crinita",0.671999990940094,8.4879295,27.8026505,1,51.5
"96","Axinella damicornis",0.508249998092651,15.1939155,2.2815385,1,32
"97","Axinella polycapella",0.46050001680851,25.5398465,4.7491575,1,6.75
"98","Axinella polypoides",0.516666655739148,15.9133663333333,5.85295425,1,21.3333333333333
"99","Axinella verrucosa",0.528666655222575,16.0086606666667,5.43251783333333,1,26.1666666666667
"100","Axinella waltonsmithi",0.412000000476837,26.336263,5.0005015,1,5.25
"101","Axinyssa aplysinoides",0.690999984741211,2.034221,122.923759,1,10
"102","Axinyssa bergquistae",0.492000013589859,23.208274,2.179777,1,30
"103","Axinyssa isabela",0.483999997377396,23.154052,3.829049,1,5.75
"104","Batzella inops",0.519571423530579,15.7982147142857,4.14568614285714,1,5.71428571428571
"105","Biemna flabellata",0.592999994754791,11.095403,9.330792,1,94
"106","Biemna rufescens",0.60699999332428,16.6603963333333,2.302519,1,5.5
"107","Cacospongia mollior",0.556999981403351,13.036754,9.100737,0,14.125
"108","Callyspongia aculeata",0.581055563357141,22.260807,4.75245016666667,1,26.2961111111111
"109","Callyspongia aerizusa",0.601749986410141,11.90796675,26.5357745,1,30.5
"110","Callyspongia armigera",0.659738099291211,17.8441957380952,8.58308133333333,1,4.95833333333333
"111","Callyspongia bathami",0.638999998569489,17.709132,1.95604,1,25
"112","Callyspongia bilamellata",0.546750009059906,16.823829,2.68141525,1,55
"113","Callyspongia californica",0.405470585121828,15.9529896470588,33.1902531372549,1,2.48039215686275
"114","Callyspongia carens",0.589666664600373,19.8366313333333,6.13243866666667,1,27.0333333333333
"115","Callyspongia deficiens",0.508000016212463,24.010944,2.069761,1,16.6666666666667
"116","Callyspongia difficilis",0.862999975681305,7.814251,15.45665,1,10
"117","Callyspongia diffusa",0.566999971866608,17.301134,1.845758,1,6.5
"118","Callyspongia fallax",0.504666686058044,24.7458699166667,4.53618033333333,1,6.125
"119","Callyspongia fibrosa",0.639999985694885,14.785545,11.445822,1,3.75
"120","Callyspongia fistulosa",0.825999975204468,6.926991,19.825424,1,10
"121","Callyspongia latituba",0.61175000667572,14.82203275,6.5879895,1,26.1875
"122","Callyspongia mucosa",0.888000011444092,4.706571,45.164417,1,84
"123","Callyspongia nuda",0.63760869399361,11.6512214347826,10.0834763478261,1,50.1086956521739
"124","Callyspongia plicifera",0.543750010430813,19.06829175,7.25435925,1,6.85625
"125","Callyspongia schulzei",0.542250011116266,24.746153875,2.36243425,1,15.525
"126","Callyspongia stellata",0.65966667731603,10.477989,12.315775,1,69
"127","Calyx arcuarius",0.705666681130727,-1.48932033333333,76.9532726666667,1,46
"128","Calyx nicaeensis",0.412000000476837,14.601791,4.342498,1,20
"129","Candidaspongia flabellata",0.57031250372529,23.806663375,9.3692106875,0,30.9375
"130","Ceratopsion aurantiacum",0.469999998807907,24.538803,2.167384,1,30
"131","Ceratopsion clavatum",0.628666679064433,20.0063503333333,11.399987,1,22
"132","Chalinula ecbasis",0.335999995470047,14.019533,16.243092,1,1.25
"133","Chalinula loosanoffi",0.436199998855591,11.863617,14.6169292,1,2.2
"134","Chalinula molitba",0.473000004887581,25.235741,6.121144,1,25.25
"135","Chalinula nematifera",0.459249995648861,19.871882125,24.167301875,1,3.875
"136","Chelonaplysilla erecta",0.808000028133392,28.006062,6.937844,0,1
"137","Chelonaplysilla violacea",0.449791666120291,16.370939875,29.6426827916667,0,3.20833333333333
"138","Chondrilla australiensis",0.597000002861023,1.769646,129.547424,1,2
"139","Chondrilla caribensis",0.607527776724762,22.0427351388889,8.5992755,1,1.56388888888889
"140","Chondrilla montanusa",0.411357140966824,21.9008635,7.5056525,1,2.96428571428571
"141","Chondrilla nucula",0.581799983978272,14.5813817333333,12.4879557333333,1,12.9333333333333
"142","Chondrilla pacifica",0.364968751557171,14.05092546875,39.0522795625,1,2.78125
"143","Chondrilla secunda",0.600499987602234,15.507572,2.0461555,1,4.2
"144","Chondropsis arenifera",0.5625,17.27241325,2.65722475,1,68.5
"145","Chondropsis chaliniformis",0.650000005960464,22.2257825,4.4033375,1,42.25
"146","Chondropsis kirkii",0.592400002479553,16.029682,2.967575,1,11.85
"147","Chondropsis topsenti",0.711499989032746,12.2082705,8.896532,1,7.9
"148","Chondrosia collectrix",0.594999998807907,15.383166,13.5758785,0,2
"149","Chondrosia corticata",0.63400000333786,2.2128155,113.9780465,0,12.8
"150","Chondrosia reniformis",0.531583325316509,14.2270382083333,8.57149516666667,0,12.7708333333333
"151","Chondrosia reticulata",0.774999976158142,13.695714,7.991628,0,37
"152","Chondrosia tenochca",0.445749998092651,15.19863575,39.386954375,0,1.25
"153","Cinachyra antarctica",0.790200006961823,-1.4522408,87.8403394,1,77.7
"154","Cinachyra barbata",0.765999972820282,-1.507638,87.152328,1,64.5
"155","Cinachyrella alloclada",0.464404771725336,24.3528521666667,6.19846938095238,1,2
"156","Cinachyrella anatriaenilla",0.712000012397766,2.067964,125.409401,1,6
"157","Cinachyrella apion",0.526999998092651,21.9092876,7.5906952,1,1.95
"158","Cinachyrella arenosa",0.551999986171722,27.346276,5.59288,1,4
"159","Cinachyrella australiensis",0.617771927724805,24.0346546666667,4.89803156140351,1,36.3114035087719
"160","Cinachyrella enigmatica",0.633000016212463,21.619648,9.0456294,1,28.4
"161","Cinachyrella kuekenthali",0.578800000747045,24.6758774,6.97614466666667,1,5.96666666666667
"162","Ciocalypta penicillus",0.649999976158142,1.916014,121.000038,1,29
"163","Ciocalypta polymastia",0.586000005404155,13.877795,5.691468,1,38.6666666666667
"164","Ciocalypta stalagmites",0.527999997138977,24.19398,2.554584,1,15.8
"165","Ciocalypta tyleri",0.671499997377396,26.020626,7.0501705,1,9.95
"166","Ciocalypta vansoesti",0.513999998569489,27.78563,6.07251,1,38
"167","Cladocroce attu",0.887000024318695,4.334165,46.48671,1,63
"168","Cladocroce gaussiana",0.758000016212463,-1.541092,73.889076,1,28
"169","Cladocroce kiska",0.888000011444092,4.706571,45.164417,1,84
"170","Cladocroce toxifera",0.871999979019165,4.933375,37.857388,1,98
"171","Clathria abietina",0.796999990940094,6.915737,34.78017,1,28
"172","Clathria aculeofila",0.390599995851517,17.0763566,14.9049408,1,2.7
"173","Clathria angulifera",0.656000018119812,27.94735,5.814361,1,20
"174","Clathria atrasanguinea",0.717999994754791,12.070078,3.341191,1,0
"175","Clathria australiensis",0.596749991178513,16.77126275,3.106837,1,64.4
"176","Clathria basilana",0.703000009059906,22.2412808,35.1011922,1,15.78
"177","Clathria biclathrata",0.528999984264374,21.60798,1.840827,1,98
"178","Clathria cactiformis",0.540714280945914,15.7830724285714,3.279172,1,44.1428571428571
"179","Clathria calla",0.503000020980835,24.786939,4.549456,1,6
"180","Clathria campecheae",0.665000021457672,7.667437,20.286915,1,21
"181","Clathria cervicornis",0.680750004947185,21.129281625,22.613108875,1,33.1625
"182","Clathria coriocrassus",0.554000020027161,17.021804,2.089195,1,59
"183","Clathria eccentrica",0.594000001748403,26.9073583333333,3.410977,1,24.2333333333333
"184","Clathria ensiae",0.623666683832804,14.1928366666667,4.99113766666667,1,26.3333333333333
"185","Clathria foliacea",0.416000008583069,26.4059275454545,5.06476863636364,1,6
"186","Clathria fusterna",0.774500012397766,27.5032045,7.1797785,1,10
"187","Clathria gomezae",0.43620001077652,25.9163064,4.861432,1,4.7
"188","Clathria hirsuta",0.613250017166138,22.557816375,6.28949725,1,21.44375
"189","Clathria incrustans",0.592999994754791,11.095403,9.330792,1,94
"190","Clathria intermedia",0.638999998569489,13.072939,5.382773,1,10.5
"191","Clathria kylista",0.510333334406217,24.3791855,2.316402,1,18.2833333333333
"192","Clathria laevigata",0.925000011920929,3.871387,82.682358,1,94
"193","Clathria microjoanna",0.483999997377396,23.154052,3.829049,1,2.5
"194","Clathria nidificata",0.716000020503998,-1.246462,80.175011,1,49
"195","Clathria prolifera",0.476035086993586,12.1459167631579,16.3903281140351,1,1.84337719298246
"196","Clathria pyramida",0.493999987840652,17.832833,2.50723,1,53
"197","Clathria reinwardti",0.736843751743436,24.87988628125,12.26379375,1,18.3625
"198","Clathria rubens",0.501999974250793,16.910098,2.379133,1,30
"199","Clathria spinosa",0.418000012636185,26.292754,4.948859,1,5.125
"200","Clathria thetidis",0.60699999332428,14.039868,5.416293,1,18
"201","Clathria transiens",0.552999973297119,16.526035,2.744118,1,77
"202","Clathria tuberosa",0.635999977588654,26.567407,2.782853,1,23
"203","Clathria venosa",0.712666690349579,14.4469786666667,15.8372246666667,1,0.75
"204","Clathria virgultosa",0.557000021139781,19.0804383333333,9.79527566666667,1,11.5
"205","Clathria vulpina",0.608653842715117,24.6903285076923,4.40218989230769,1,39.7123076923077
"206","Cliona amplicavata",0.392863633957776,15.0981672727273,31.3506461818182,1,3.70454545454545
"207","Cliona caesia",0.577666680018107,25.5261936666667,2.31875566666667,1,3.66666666666667
"208","Cliona californiana",0.350649122606244,16.827794122807,19.4774481052632,1,4.52280701754386
"209","Cliona caribbaea",0.5625,25.39548275,6.0343265,1,4.1875
"210","Cliona celata",0.611428582952136,18.3149791904762,5.70966304761905,1,3.00952380952381
"211","Cliona ensifera",0.596000015735626,25.694712,2.327929,1,1.5
"212","Cliona euryphylle",0.383937500417232,17.97366003125,21.6484835,1,3.015625
"213","Cliona flavifodina",0.438473687360161,17.5035784736842,31.0768898421053,1,2.31578947368421
"214","Cliona medinae",0.566600012779236,6.3727874,94.079518,1,1.7
"215","Cliona microstrongylata",0.270750001072883,16.7612795,10.16115125,1,5.5
"216","Cliona minuscula",0.555500000715256,26.72779,4.202742,1,23.35
"217","Cliona mucronata",0.464800003170967,15.5521321,35.2158582,1,2.35
"218","Cliona orientalis",0.562823530505685,25.0867362352941,2.71339947058824,1,10.6941176470588
"219","Cliona papillae",0.409999996423721,22.895856,3.488853,1,3.25
"220","Cliona patera",0.600333333015442,27.422647,5.04775533333333,1,40.2
"221","Cliona pocillopora",0.459857140268599,14.1807892857143,57.368843,1,1.92857142857143
"222","Cliona raromicrosclera",0.305249998966853,16.2372961666667,16.3610396666667,1,2.9375
"223","Cliona tinctoria",0.541500002145767,19.6675685,2.955469,1,16
"224","Cliona tropicalis",0.442058824441012,14.5860561764706,44.3419322941176,1,2.02941176470588
"225","Cliona tumula",0.479000002145767,22.890398,4.034063,1,12.5
"226","Cliona vallartense",0.41949999704957,6.315946625,93.8522945,1,2.75
"227","Cliona varians",0.599300009012222,20.3164482,6.9686612,1,5.4895
"228","Cliona vermifera",0.467181818051772,16.0158253181818,38.1794497727273,1,2.54204545454545
"229","Cliona viridis",0.560833324988683,21.0759068333333,3.63443216666667,1,5.33333333333333
"230","Cliothosa aurivillii",0.596000015735626,25.694712,2.327929,1,1.6
"231","Cliothosa delitrix",0.592374987900257,25.917863375,5.295826875,1,4.5625
"232","Cliothosa hancocki",0.596000015735626,25.694712,2.327929,1,1
"233","Cliothosa tylostrongylata",0.43299999833107,11.542348,33.234596,1,2.66666666666667
"234","Coelocarteria singaporensis",0.695399997631709,22.6680792,6.97847713333333,1,35.9766666666667
"235","Collospongia auris",0.643999993801117,26.4964895,2.6571595,0,7.1
"236","Cornulum antarcticum",0.758000016212463,-1.541092,73.889076,1,36.6
"237","Cornulum clathriata",0.91499999165535,3.6689615,96.1138535,1,89.5
"238","Cornulum johnstoni",0.665000021457672,7.667437,20.286915,1,20.5
"239","Coscinoderma mathewsi",0.657249997369945,15.86403,31.5047059375,0,25.309375
"240","Coscinoderma nardorus",0.621187496930361,25.70024675,2.508163625,0,50.26875
"241","Coscinoderma pesleonis",0.462999999523163,17.746607,2.500834,0,55
"242","Crambe crambe",0.518333328705208,14.236958254902,4.60435405882353,1,12.0098039215686
"243","Craniella arb",0.519760415268441,9.9199776875,30.1840025833333,1,33.0104166666667
"244","Craniella craniana",0.918999999761581,3.401916,112.7174075,1,77
"245","Craniella metaclada",0.765999972820282,-1.507638,87.152328,1,64.5
"246","Craniella spinosa",0.89799998998642,4.5135488,61.9898268,1,82.4
"247","Craniella sputnika",0.925000011920929,3.28645,118.665413,1,86
"248","Craniella villosa",0.910999998450279,4.0089075,84.3706005,1,81
"249","Crella brunnea",0.881888899538252,4.35759855555556,57.5936194444444,1,85.6666666666667
"250","Crella elegans",0.49575674936578,13.8203263108108,2.3061317972973,1,17.3810810810811
"251","Crella fristedti",0.583999991416931,11.638203,8.334599,1,15
"252","Crella incrustans",0.653547617651167,10.5744881190476,12.1044762857143,1,54.7202380952381
"253","Crella spinulata",0.775499999523163,28.137554,6.7560525,1,10
"254","Cribrochalina dura",0.649562502900759,23.489891625,7.74544664583333,1,6.61458333333333
"255","Cribrochalina vasculum",0.692200005054474,18.1090914,7.7999974,1,14.4
"256","Cribrochalina vasiformis",0.782999992370605,7.380844,39.7644595,1,24
"257","Cyamon agnani",0.421000003814697,27.572618,8.286016,1,0.75
"258","Cyamon koltuni",0.460999995470047,11.551005,35.060814,1,5.5
"259","Cymbastela concentrica",0.573249997571111,25.0095765625,2.2688944375,1,17.925
"260","Cymbastela coralliophila",0.581333330935902,23.5282622777778,5.76215738888889,1,19.0222222222222
"261","Cymbastela lamellata",0.643400001525879,16.212836,4.2058878,1,32.24
"262","Dactylia varia",0.602739134560461,11.215681,10.4216755652174,1,63.5652173913044
"263","Dactylospongia elegans",0.587000007812793,18.6655133076923,21.6597888461538,0,24.6576923076923
"264","Dactylospongia metachromia",0.689000010490417,2.466167,102.428429,0,6.6
"265","Darwinella oxeata",0.57240000963211,17.6945756,7.5952794,0,35.8
"266","Darwinella rosacea",0.483999997377396,23.154052,3.829049,0,1.5
"267","Dasychalina fragilis",0.600166668494542,22.4916030833333,8.61906875,1,22.7791666666667
"268","Dendrilla antarctica",0.903499990701675,0.137463,93.3629685,0,53.5
"269","Dendrilla cactos",0.634999990463257,15.16954,2.649103,0,11.5
"270","Dendrilla rosea",0.54737501218915,15.7397145,10.7320975,0,11.25
"271","Dercitus bucklandi",0.717999994754791,12.070078,3.341191,1,0
"272","Dercitus syrmatitus",0.409999996423721,22.895856,3.488853,1,0.5
"273","Desmacella polysigmata",0.665000021457672,7.667437,20.286915,1,21
"274","Desmacidon mamillatum",0.622500002384186,10.981078,8.319782,1,52
"275","Desmanthus levii",0.428999990224838,14.002384,34.6769986666667,1,2.91666666666667
"276","Desmapsamma anchorata",0.595925935992488,22.231918,6.00416885185185,1,27.7325925925926
"277","Diacarnus levii",0.494499991337458,24.7303801666667,2.19217783333333,1,27.8333333333333
"278","Diacarnus spinipoculum",0.806999981403351,29.258749,12.055405,1,9
"279","Dictyodendrilla dendyi",0.532000005245209,17.851058,2.492966,0,50
"280","Dictyonella incisa",0.483000010251999,13.820814,2.329658,1,15
"281","Dictyonella obtusa",0.497999995946884,13.190447,7.676867,1,30
"282","Diplastrella megastellata",0.626666684945424,6.84105166666667,20.4956443333333,1,13.5833333333333
"283","Disyringa dissimilis",0.516560000181198,27.8170976,6.6642966,1,40.004
"284","Dragmacidon australe",0.618727266788483,16.9289433636364,20.3486299090909,1,22.9227272727273
"285","Dragmacidon clathriforme",0.537999987602234,16.826336,2.700035,1,25
"286","Dragmacidon lunaecharta",0.646725000441074,19.777098575,8.544400575,1,7.4625
"287","Dragmacidon reticulatum",0.591125003993511,21.112476,8.360993,1,5.125
"288","Dragmaxia undata",0.665000021457672,7.667437,20.286915,1,20
"289","Dysidea arenaria",0.62500000372529,17.4935562083333,23.234167625,0,25.4875
"290","Dysidea avara",0.495759999752045,14.29165024,4.91590896,0,10.936
"291","Dysidea cachui",0.339833329121272,14.3305686666667,14.8841493333333,0,1
"292","Dysidea etheria",0.5968260894651,21.516514,8.24387195652174,0,2.6304347826087
"293","Dysidea fragilis",0.608857149169559,9.06523633333333,64.495694,0,57.1785714285714
"294","Dysidea granulosa",0.545500001311302,22.9836066,5.4122034,0,20.42
"295","Dysidea janiae",0.614999979734421,26.1078375,4.6068055,0,2.25
"296","Dysidea reformensis",0.359599995613098,17.7151156,7.2640896,0,0.5
"297","Dysidea uriae",0.392777774069044,20.5978381111111,9.54238511111111,0,2.08333333333333
"298","Dysidea variabilis",0.503000020980835,24.786939,4.549456,0,3.875
"299","Echinochalina intermedia",0.625559996366501,24.55738388,3.9820128,1,39.004
"300","Echinochalina isaaci",0.622142859867641,21.239855,18.752053,1,25.5
"301","Echinochalina laboutei",0.508000016212463,24.931956,2.317317,1,19.2
"302","Echinoclathria beringensis",0.838250011205673,5.249335,56.42116725,1,91.25
"303","Echinoclathria leporina",0.53466667731603,16.3572056666667,2.96752566666667,1,46
"304","Echinoclathria riddlei",0.730000019073486,13.821379,4.615118,1,15
"305","Echinodictyum asperum",0.642750009894371,17.00218625,32.4112455,1,19.65
"306","Echinodictyum carlinoides",0.773000001907349,27.596015,12.350706,1,7.6
"307","Echinodictyum conulosum",0.522600001096725,24.5629446,2.928383,1,7.75
"308","Echinodictyum luteum",0.493999987840652,23.708346,2.128366,1,8
"309","Echinodictyum mesenterinum",0.529193551309647,22.6800092903226,3.35444080645161,1,26.25
"310","Echinodictyum pulchrum",0.67818518921181,27.4604078148148,6.10133303703704,1,19.6296296296296
"311","Ecionemia acervus",0.541800010204315,19.4188674,27.7351948,1,36.82
"312","Ecionemia alata",0.57966666278385,13.4557871428571,8.50720433333333,1,52.9761904761905
"313","Ecionemia novaezealandiae",0.638999998569489,11.9388325,10.725975,1,68
"314","Ectyoplasia ferox",0.657028576305934,22.1343405714286,6.32055757142857,1,7.42142857142857
"315","Erylus amissus",0.523000001907349,23.969911,2.878958,1,17
"316","Erylus deficiens",0.507000029087067,15.010415,3.461484,1,77
"317","Erylus formosus",0.645499989390373,24.13479675,5.37271775,1,3.75
"318","Erylus sollasi",0.557000011205673,3.4829725,128.4204215,1,7.75
"319","Erylus trisphaerus",0.587999999523163,21.711955,4.533025,1,61.5
"320","Eurypon hispidum",0.587999999523163,16.564647,2.524462,1,17.5
"321","Euryspongia delicatula",0.558444446987576,21.1607217777778,6.23570055555556,0,18.1444444444444
"322","Fascaplysinopsis reticulata",0.571580643615415,25.4753601935484,8.64689564516129,0,33.8516129032258
"323","Fasciospongia turgida",0.634499981999397,17.65405,4.5858185,0,10.75
"324","Fenestraspongia intertexta",0.497999995946884,16.233541,2.4725205,0,22.5
"325","Fibulia maeandrina",0.716000020503998,-1.246462,80.175011,1,49
"326","Forcepia minima",0.632000029087067,24.947844,6.117385,1,2
"327","Gelliodes fibulata",0.599111109972,26.9733111111111,5.58164022222222,1,23.7666666666667
"328","Gelliodes wilsoni",0.419999994337559,20.413825,6.771741,1,2.75
"329","Geodia barretti",0.861000001430511,5.742065,4.984777,1,95.585
"330","Geodia carolae",0.913500010967254,4.0721775,82.9941195,1,74.5
"331","Geodia cribrata",0.665000021457672,7.667437,20.286915,1,29
"332","Geodia gibberosa",0.519400000572204,22.2128112,9.6361438,1,1.25
"333","Geodia media",0.360484845710523,16.7852772424242,22.584990030303,1,2.76515151515152
"334","Geodia mesotriaena",0.883142863001142,4.300007,69.0890117142857,1,85.2380952380952
"335","Geodia neptuni",0.686600001653035,21.0860841,4.6957473,1,7
"336","Geodia nodosa",0.65200001001358,7.338047,24.718029,1,30
"337","Geodia robusta",0.914000001820651,3.67870454545455,88.694947,1,93
"338","Geodia vadi",0.583999991416931,11.638203,8.334599,1,10
"339","Geodia vestigifera",0.514999985694885,13.996058,6.45093,1,60
"340","Guitarra abbotti",0.651600015163422,6.5551466,70.207626,1,55.824
"341","Guitarra dendyi",0.823000013828278,-1.502368,90.624786,1,90
"342","Guitarra fimbriata",0.79050001502037,-1.52173,82.256931,1,59
"343","Halichondria bowerbanki",0.466081302098143,11.7725317154472,17.0727417804878,1,1.64390243902439
"344","Halichondria darwinensis",0.449999988079071,27.582166,7.448254,1,17.5
"345","Halichondria magniconulosa",0.808000028133392,28.006062,6.937844,1,0.875
"346","Halichondria melanadocia",0.563428567988532,24.5215212857143,6.52795471428571,1,1.14285714285714
"347","Halichondria panicea",0.701510042071821,7.50291059036145,54.5594754056225,1,72.0751807228916
"348","Halichondria semitubulosa",0.36299999554952,24.2404416666667,4.65823366666667,1,1.33333333333333
"349","Halichondria sitiens",0.879962615877668,4.33136401869159,62.2180705981308,1,86.707476635514
"350","Haliclona amphioxa",0.654999971389771,3.592581,15.182499,1,1.75
"351","Haliclona aquaeductus",0.73199999332428,-1.041477,21.897436,1,77
"352","Haliclona caerulea",0.406999995311101,17.9767551851852,19.1333258518519,1,2.31481481481481
"353","Haliclona caminata",0.625,8.889706,12.031353,1,69
"354","Haliclona centrangulata",0.639999985694885,14.785545,11.445822,1,3.75
"355","Haliclona cinerea",0.825999975204468,6.926991,19.825424,1,30
"356","Haliclona clathrata",0.547999978065491,17.613963,1.756073,1,23
"357","Haliclona curacaoensis",0.808000028133392,28.006062,6.937844,1,0.75
"358","Haliclona cymaeformis",0.692999988794327,20.75521975,18.0514375,1,27.625
"359","Haliclona dancoi",0.79050001502037,-1.52173,82.256931,1,60.225
"360","Haliclona edaphus",0.631000019609928,6.201336625,79.578188875,1,60.11375
"361","Haliclona elegans",0.597000002861023,13.701342,2.25083,1,88.5
"362","Haliclona enamela",0.407499998807907,8.5753295,49.0931355,1,7.62
"363","Haliclona fulva",0.470666656891505,13.4203636666667,5.42834533333333,1,22.5
"364","Haliclona gellindra",0.329750008881092,13.3438355,37.07153975,1,6.1075
"365","Haliclona implexa",0.597000002861023,13.701342,2.25083,1,91.5
"366","Haliclona implexiformis",0.429399996995926,27.4241492,7.5319044,1,0.75
"367","Haliclona luciensis",0.665000021457672,7.667437,20.286915,1,21
"368","Haliclona magnifica",0.672999978065491,24.58501,5.661277,1,6
"369","Haliclona manglaris",0.466799998283386,27.0648178,7.2792668,1,0.85
"370","Haliclona mediterranea",0.597000002861023,13.701342,2.25083,1,85
"371","Haliclona mucifibrosa",0.735500007867813,26.3086245,6.2943805,1,0.75
"372","Haliclona mucosa",0.461999992529551,13.639197,3.777686,1,22.5
"373","Haliclona muricata",0.806999981403351,29.258749,12.055405,1,7
"374","Haliclona patbergquistae",0.551999986171722,17.7832545,1.776216,1,14.225
"375","Haliclona petrocalyx",0.588666677474976,8.23180433333333,24.775491,1,11.6666666666667
"376","Haliclona rosea",0.825999975204468,5.258839,59.431995,1,17
"377","Haliclona rudis",0.560999989509583,-1.673265,76.416275,1,52
"378","Haliclona sarai",0.483000010251999,13.820814,2.329658,1,15
"379","Haliclona scotti",0.716000020503998,-1.246462,80.175011,1,49
"380","Haliclona sonorensis",0.272999994456768,19.793082,8.5773825,1,2.5
"381","Haliclona textapatina",0.651000022888184,6.717574,67.562965,1,86
"382","Haliclona tubifera",0.447562500834465,22.4493455,16.6079604375,1,1.171875
"383","Haliclona turquoisia",0.398124996572733,16.590125125,22.1142324375,1,1.40625
"384","Haliclona urceolus",0.744000017642975,9.349213,6.153092,1,19.41
"385","Haliclona venustina",0.604666670163473,11.9586466666667,14.4288586666667,1,16.6666666666667
"386","Haliclona walentinae",0.823000013828278,28.116716,7.322769,1,6.25
"387","Haliclona xena",0.808000028133392,9.332923,10.622813,1,2
"388","Halicnemia diazae",0.469199997186661,13.772483,28.7809114,1,2.1
"389","Halisarca caerulea",0.721600008010864,24.2171076,6.7331318,1,6.45
"390","Halisarca dujardinii",0.637000024318695,10.267949,11.923785,1,79
"391","Halisarca purpura",0.474666684865952,25.2888773333333,4.68259033333333,1,6.16666666666667
"392","Halisarca restingaensis",0.620000004768372,1.649256,58.24152,1,1
"393","Halisarca sacra",0.428599995374679,10.9560514,58.3567428,1,2.5
"394","Hamacantha hyaloderma",0.449999988079071,9.099524,46.958382,1,3.8
"395","Hamigera hamigera",0.556999981403351,13.036754,9.100737,1,13.9
"396","Hamigera macrostrongyla",0.591000020503998,6.528605,32.995937,1,10
"397","Hamigera strongylata",0.592000007629395,25.736076,2.441092,1,36.15
"398","Hemigellius pilosus",0.672500004371008,-1.56285883333333,79.389529,1,63
"399","Hemimycale columella",0.521499998867512,14.000640375,2.46638575,1,20.5
"400","Hemimycale mediterranea",0.49549999833107,14.617803,2.3768145,1,14.5
"401","Hemitedania anonyma",0.530333340167999,16.0656423333333,3.66679433333333,1,35.3333333333333
"402","Hexadella racovitzai",0.483000010251999,13.820814,2.329658,0,20
"403","Higginsia mixta",0.680000007152557,26.356378,2.632263,1,15
"404","Higginsia scabra",0.729999989271164,5.87421,43.1882225,1,25
"405","Higginsia strigilata",0.46000000834465,24.126971,11.584124,1,10.66
"406","Hippospongia communis",0.527999988198281,14.1207359,6.7995549,0,20.1
"407","Histodermella kagigunensis",0.85272413697736,4.71131520689655,57.4304812413793,1,79.1379310344828
"408","Holopsamma arborea",0.615000009536743,14.423965,4.325198,1,28.3333333333333
"409","Holopsamma crassa",0.508000016212463,24.010944,2.069761,1,14.5
"410","Holopsamma laminaefavosa",0.55771427495139,16.8133338571429,3.092285,1,31.9142857142857
"411","Holopsamma macropora",0.697000026702881,27.857095,5.909768,1,15.8
"412","Homaxinella amphispicula",0.895707311426721,4.22984732926829,59.0841000609756,1,88.1585365853659
"413","Homaxinella balfourensis",0.768333335717519,-1.41882266666667,85.9840416666667,1,67.8333333333333
"414","Homophymia pollubrum",0.827000021934509,19.487545,10.393491,1,7.5
"415","Hyattella cavernosa",0.503000020980835,24.786939,4.549456,0,1.75
"416","Hyattella intestinalis",0.48672726912932,20.1352262363636,23.073178,0,14.6263636363636
"417","Hymedesmia agariciicola",0.665000021457672,7.667437,20.286915,1,21
"418","Hymedesmia arndti",0.449999988079071,9.099524,46.958382,1,3.5
"419","Hymeniacidon adreissiformis",0.33899998664856,22.398839,5.096864,1,2
"420","Hymeniacidon agminata",0.825666666030884,5.84314566666667,28.9434953333333,1,11
"421","Hymeniacidon assimilis",0.733999997377396,0.22647275,26.6771825,1,53.25
"422","Hymeniacidon caerulea",0.584000021219254,16.227188,12.4181855,1,13
"423","Hymeniacidon heliophila",0.503000020980835,24.786939,4.549456,1,6
"424","Hymeniacidon perlevis",0.559642861996378,13.3317768571429,14.6655109285714,1,24.1785714285714
"425","Hyrtios communis",0.608333349227905,1.50304933333333,131.712128,0,20.5
"426","Hyrtios digitatus",0.721166660388311,8.43832616666667,42.9165375,0,33.75
"427","Hyrtios erectus",0.571761903308687,21.644510047619,14.0402243333333,0,21.3452380952381
"428","Hyrtios proteus",0.637500002980232,17.55982825,8.97014725,0,2.875
"429","Ianthella basta",0.596620691233668,24.4010376551724,7.88402431034483,0,24.5551724137931
"430","Ianthella flabelliformis",0.673199997345607,26.5246933333333,3.58629326666667,0,28.5266666666667
"431","Ianthella quadrangulata",0.667216220417538,26.6396932972973,4.33805694594595,0,20.3324324324324
"432","Ianthella reticulata",0.597666680812836,25.31534,2.73870433333333,0,29.6666666666667
"433","Igernella notabilis",0.435812512412667,25.881713375,5.2955945625,0,6.524375
"434","Inflatella belli",0.765999972820282,-1.507638,87.152328,1,64.5
"435","Iophon abnormalis",0.758000016212463,-1.541092,73.889076,1,15
"436","Iophon laevistylus",0.569000005722046,17.778853,1.733089,1,17
"437","Iophon lamella",0.651000022888184,6.717574,67.562965,1,57.955
"438","Iophon minor",0.624833335479101,14.5824978333333,8.077948,1,10.6666666666667
"439","Iophon nigricans",0.666000008583069,6.645018,19.74338,1,0
"440","Iophon piceum",0.652320522528429,5.46288577884615,98.2016019551282,1,89.5288461538462
"441","Iophon proximum",0.636666655540466,10.6497903333333,10.6867773333333,1,79.3333333333333
"442","Iophon unicorne",0.826857149600983,-1.33166257142857,91.8966148571429,1,74.5
"443","Iotrochopsamma arbuscula",0.611999988555908,16.4805925,2.5072205,1,36.75
"444","Iotrochota acerata",0.547999978065491,14.971164,2.93427,1,17
"445","Iotrochota arenosa",0.655999984060015,26.9525438571429,6.15666228571429,1,4.78571428571429
"446","Iotrochota baculifera",0.632625000551343,24.916589125,8.539043875,1,15.415625
"447","Iotrochota birotulata",0.631757575454134,20.6855993636364,7.95217142424242,1,6.07575757575758
"448","Iotrochota coccinea",0.660666644573212,25.922944,4.392174,1,8.83333333333333
"449","Iotrochota purpurea",0.505999982357025,24.920835,2.145665,1,30
"450","Ircinia akaroa",0.679000020027161,10.5913165,11.534279,0,50.75
"451","Ircinia aucklandensis",0.793333311875661,8.37324633333333,14.844596,0,29.8333333333333
"452","Ircinia campana",0.601094593067427,19.8919956756757,4.09294028378378,0,53.2184459459459
"453","Ircinia dendroides",0.458999991416931,14.677462,2.534918,0,25
"454","Ircinia felix",0.612250001356006,19.8825895125,8.543521825,0,7.159375
"455","Ircinia irregularis",0.697500005364418,27.53648175,8.97974425,0,17.45
"456","Ircinia oros",0.527333325809903,13.9478231111111,5.49401444444444,0,13.3361111111111
"457","Ircinia ramodigitata",0.515999972820282,24.438654,2.28349,0,32.8
"458","Ircinia ramosa",0.665000009536743,17.5525728,39.7850926,0,15.64
"459","Ircinia strobilina",0.598611110338458,21.8176084444444,5.85778294444444,0,17.962962962963
"460","Ircinia subaspera",0.620000004768372,13.07245,4.608211,0,59
"461","Ircinia variabilis",0.522848484191028,14.9623450606061,6.24327672727273,0,13.3878787878788
"462","Ircinia wistarii",0.523500025272369,24.396511,2.139892,0,17.8
"463","Isodictya erinacea",0.815499991178513,-1.204951,91.982372,1,55.25
"464","Isodictya kerguelenensis",0.82480001449585,-0.632577,84.9703308,1,56
"465","Isodictya lankesteri",0.823000013828278,-1.502368,90.624786,1,92.5
"466","Isodictya palmata",0.899799990653992,4.674097,43.9668738,1,80.2
"467","Isodictya rigida",0.867049999535084,4.6470428,43.644964325,1,77.5
"468","Isodictya setifera",0.876999974250793,1.5003,95.061821,1,86
"469","Isodictya spinigera",0.716000020503998,-1.246462,80.175011,1,49
"470","Jaspis novaezealandiae",0.591000020503998,6.528605,32.995937,1,10
"471","Jaspis stellifera",0.53600001335144,16.651514,2.479644,1,46
"472","Lamellodysidea chlorea",0.657999992370605,26.483227,2.63774,0,11
"473","Lamellodysidea herbacea",0.622250003740191,17.52559075,35.5697566875,0,13.28125
"474","Latrunculia apicalis",0.707000017166137,6.0530945,39.8243675,1,20.25
"475","Latrunculia austini",0.803799986839294,5.6915684,60.702584,1,69.2
"476","Latrunculia duckworthi",0.597666660944621,10.7220373333333,9.56685033333333,1,25
"477","Latrunculia fiordensis",0.698000013828278,10.975152,10.974182,1,10
"478","Latrunculia kaakaariki",0.56633335351944,13.524071,12.3914423333333,1,38
"479","Latrunculia kaikoura",0.827000021934509,3.681239,47.150654,1,17.5
"480","Latrunculia millerae",0.698000013828278,10.975152,10.974182,1,10
"481","Latrunculia oparinae",0.910000000681196,4.11078142857143,82.0387474285714,1,83.4285714285714
"482","Latrunculia oxydiscorhabda",0.561500012874603,17.4003285,1.911142,1,35.5
"483","Leiosella levis",0.825999975204468,6.926991,19.825424,0,20
"484","Lendenfeldia plicata",0.573833331465721,21.6140872222222,17.5372801111111,0,19.3277777777778
"485","Liosina paradoxa",0.611444453398387,19.2150675555556,11.2044883333333,1,16.9388888888889
"486","Lissodendoryx albemarlensis",0.337785710181509,15.3678814285714,14.8682533571429,1,1.30357142857143
"487","Lissodendoryx amaknakensis",0.828000009059906,4.940337,33.058868,1,78
"488","Lissodendoryx behringi",0.899999976158142,3.383944,120.704575,1,18
"489","Lissodendoryx carolinensis",0.55299998819828,27.778446,7.814702,1,0.5
"490","Lissodendoryx colombiensis",0.658999979496002,28.007924,6.321414,1,1
"491","Lissodendoryx flabellata",0.801600015163422,-1.4511868,88.534831,1,83.8
"492","Lissodendoryx isodictyalis",0.579799997806549,22.1146456,5.5173514,1,5
"493","Lissodendoryx oxeota",0.916000008583069,1.409034,200.304214,1,40
"494","Lissodendoryx schmidti",0.405833328763644,18.7562086666667,17.1317233333333,1,2.08333333333333
"495","Lissodendoryx sigmata",0.544400012493133,24.031264,5.8195502,1,28.67
"496","Lissodendoryx spinulosa",0.550999999046326,25.875583,5.419048,1,0.5
"497","Lissodendoryx strongylata",0.439999997615814,27.539891,8.652732,1,1
"498","Megaciella toxispinosa",0.415999993681908,13.1509595,70.5016295,1,6.25
"499","Melophlus sarasinorum",0.688499987125397,8.7123055,34.1298275,1,23.5
"500","Microxina benedeni",0.748000025749207,-1.60215,75.045532,1,28.95
"501","Monanchora alaskensis",0.888571432658604,4.06358757142857,79.1023358571429,1,83.9285714285714
"502","Monanchora arbuscula",0.502945955540683,23.639272972973,6.50630864864865,1,7.16891891891892
"503","Monanchora pulchra",0.884874994556109,4.02293229166667,75.9091544583333,1,81.9583333333333
"504","Mycale acerata",0.872699999809265,-0.0302771,97.035186,1,58.9
"505","Mycale adhaerens",0.612631579763011,10.3980727894737,42.4682288947368,1,41.3347368421053
"506","Mycale angulosa",0.514666666587194,25.312785,5.73746033333333,1,0.666666666666667
"507","Mycale arndti",0.589999973773956,26.262428,4.737829,1,1
"508","Mycale carmigropila",0.808000028133392,28.006062,6.937844,1,1
"509","Mycale cecilia",0.375929820955845,15.2953887017544,30.0869364736842,1,2.38157894736842
"510","Mycale fibrosa",0.841000020503998,0.933023,109.440201,1,80
"511","Mycale grandis",0.41499999165535,1.222897,139.402695,1,10
"512","Mycale hentscheli",0.654999991257986,12.974646,8.14541666666667,1,9.66666666666667
"513","Mycale laevis",0.598812494426966,25.0872724375,5.0283256875,1,2.796875
"514","Mycale laxissima",0.542956531047821,23.7294730869565,4.67140404347826,1,9.04347826086956
"515","Mycale lilianae",0.421000003814697,27.572618,8.286016,1,0.75
"516","Mycale loveni",0.891033783353664,4.37432784121622,58.0210051790541,1,85.429054054054
"517","Mycale macginitiei",0.470285709415164,12.8120518571429,10.1971547142857,1,1.28571428571429
"518","Mycale magellanica",0.823000013828278,-1.502368,90.624786,1,90
"519","Mycale magnirhaphidifera",0.388255810321763,17.6520317209302,22.6515891162791,1,2.17441860465116
"520","Mycale magnitoxa",0.40599999576807,18.06560825,17.5402445625,1,3.421875
"521","Mycale microsigmatosa",0.54200000166893,27.0094624,5.9434854,1,0.9
"522","Mycale mirabilis",0.619874997064471,25.24310925,3.659702625,1,20.66875
"523","Mycale parishii",0.636413801333,26.5978127241379,4.89883955172414,1,20.7275862068966
"524","Mycale psila",0.488000005483627,14.1370393333333,47.0106988333333,1,18.6316666666667
"525","Mycale ramulosa",0.359133332967758,19.4257906,11.0964116,1,2.15
"526","Mycale tasmani",0.608799993991852,13.5590874,6.877261,1,27.2
"527","Mycale toporoki",0.700999975204468,8.717854,113.658241,1,2
"528","Mycale unguifera",0.665000021457672,7.667437,20.286915,1,20
"529","Myrmekioderma granulatum",0.621499996293675,23.4393473636364,6.95014436363636,1,29.8318181818182
"530","Myrmekioderma rea",0.615000009536743,16.531917,12.275649,1,10.75
"531","Myxilla asigmata",0.716000020503998,-1.246462,80.175011,1,49
"532","Myxilla behringensis",0.917999982833862,2.690753,26.774099,1,76
"533","Myxilla brunnea",0.923000007867813,3.5669485,79.6331045,1,82.5
"534","Myxilla elongata",0.865000009536743,-0.902264,96.812416,1,46
"535","Myxilla incrustans",0.778644441896015,7.48588415555556,45.5422959111111,1,68.2851111111111
"536","Myxilla lacunosa",0.815499991178512,4.9858455,35.7770865,1,78.5
"537","Myxilla lissostyla",0.871769208174485,1.29449576923077,94.769965,1,85.9230769230769
"538","Myxilla mexicensis",0.33899998664856,22.398839,5.096864,1,12.5
"539","Myxilla pistillaris",0.876999974250793,1.5003,95.061821,1,86
"540","Myxilla ramosa",0.591000020503998,6.528605,32.995937,1,10
"541","Myxodoryx hanitschi",0.662999987602234,-1.687644,77.169594,1,80
"542","Neofibularia hartmani",0.719499975442887,4.763122,63.115431,1,34.75
"543","Neofibularia irata",0.50239999294281,24.9223596,2.2250504,1,13.62
"544","Neofibularia nolitangere",0.591400003433228,16.0903786,11.1573202,1,16.77
"545","Neopetrosia carbonaria",0.822000026702881,28.07961,7.035932,1,2
"546","Neopetrosia chaliniformis",0.607225805521011,20.2242836129032,15.0390332580645,1,22.6241935483871
"547","Neopetrosia proxima",0.822000026702881,28.07961,7.035932,1,1.5
"548","Neopetrosia rosariensis",0.550000011920929,5.188281,20.913103,1,2
"549","Neopetrosia subtriangularis",0.628266668319702,24.7699174666667,5.8303198,1,1.46666666666667
"550","Neopodospongia pagei",0.591000020503998,6.528605,32.995937,1,10
"551","Neosiphonia harveyi",0.740437511354684,10.40436075,4.8020533125,1,2.28125
"552","Niphates alba",0.665000021457672,7.667437,20.286915,1,21
"553","Niphates amorpha",0.665000021457672,7.667437,20.286915,1,21
"554","Niphates caycedoi",0.655500024557113,26.3965005,5.74365,1,2.25
"555","Niphates digitalis",0.51850001513958,23.5195891666667,4.34136266666667,1,6.16666666666667
"556","Niphates erecta",0.595442860892841,23.6441148857143,6.5630578,1,4.80357142857143
"557","Oceanapia aberrans",0.554000020027161,17.021804,2.089195,1,56
"558","Oceanapia bartschi",0.665000021457672,7.667437,20.286915,1,21
"559","Oceanapia ramsayi",0.654999986290931,19.84013425,25.03923,1,41.925
"560","Oceanapia renieroides",0.627000004053116,26.303325,2.6072035,1,17.5
"561","Oceanapia sagittaria",0.663000017404556,26.252365,2.5215375,1,13.1
"562","Pachychalina acapulcensis",0.416999995708466,22.719856,3.605711,1,1.91666666666667
"563","Pachymatisma johnstonia",0.717999994754791,12.070078,3.341191,1,0
"564","Pachypellina fistulata",0.716000020503998,-1.246462,80.175011,1,49
"565","Pandaros acanthifolium",0.462666670481364,25.2054423333333,5.46529433333333,1,20.5666666666667
"566","Paracornulum fistulosum",0.629749993979931,24.693541,4.9395872,1,36.585
"567","Pararhaphoxya pulchra",0.631666680177053,11.6778683333333,9.85769633333333,1,32.25
"568","Pararhaphoxya sinclairi",0.527000010013581,17.1369655,2.0717895,1,21.25
"569","Penares aureus",0.602500001589457,10.9185751666667,14.3967528333333,1,35
"570","Penares cortius",0.454249992966652,17.498859,28.212252,1,2.75
"571","Penares mollis",0.584599995613098,16.1399994,3.3171426,1,18.8
"572","Penares nux",0.550000011920929,5.188281,20.913103,1,0.75
"573","Penares vermiculatus",0.592999994754791,17.248648,2.199556,1,4.5
"574","Petromica pacifica",0.519999980926514,24.027259,2.817924,1,17.6
"575","Petrosia australis",0.592999994754791,11.095403,9.330792,1,94
"576","Petrosia dendyi",0.564999997615814,25.396397,4.264383,1,1
"577","Petrosia ficiformis",0.51537499204278,14.63981203125,4.92304065625,1,20.3125
"578","Petrosia hebes",0.615000009536743,9.96015725,15.54621375,1,53.2125
"579","Petrosia pellasarca",0.711999982595444,20.430581,6.4186785,1,8.25
"580","Petrosia strongylata",0.796999990940094,4.24417,91.816994,1,22.5
"581","Petrosia weinbergi",0.541500017046929,16.9800955,12.617887,1,12.125
"582","Phakellia dalli",0.905650001764298,4.17808795,59.754568725,1,88.575
"583","Phakellia stipitata",0.607599997520447,25.4929528,3.2951728,1,21.22
"584","Phorbas amaranthus",0.5432000041008,23.1544924,5.3555084,1,9.8
"585","Phorbas aurantiacus",0.665000021457672,7.667437,20.286915,1,20
"586","Phorbas fictitioides",0.504999995231628,22.921515,2.032089,1,19
"587","Phorbas fictitius",0.556999981403351,13.036754,9.100737,1,14
"588","Phorbas paucistylifer",0.90481818264181,4.13736063636364,72.1099190909091,1,88.4545454545455
"589","Phorbas tenacior",0.508916661143303,13.54143125,5.23492441666667,1,14.2083333333333
"590","Phorbas topsenti",0.535699987411499,13.8763073,7.1640334,1,16.2
"591","Phycopsis fusiformis",0.583428570202419,15.9963065714286,28.1648882857143,1,22.7571428571429
"592","Phyllospongia foliascens",0.584416662653287,25.6958046666667,2.37391875,0,15.3375
"593","Phyllospongia papyracea",0.617857139734995,23.7328131428571,7.61295414285714,0,16.4357142857143
"594","Pione carpenteri",0.400699998935064,14.3576954666667,47.2431353,1,2.55
"595","Pione lampa",0.40599998831749,26.399332,5.059572,1,1.5
"596","Pione mazatlanensis",0.398529410362244,16.5276612941176,22.5184134705882,1,2.82352941176471
"597","Pione vastifica",0.481647058444864,25.5458075294118,13.444943,1,1.04117647058824
"598","Pipestela candelabra",0.592826086541881,22.3977988695652,7.36328352173913,1,22.8369565217391
"599","Pipestela terpenensis",0.582500004106098,21.6971563333333,16.4856571666667,1,22.625
"600","Placospongia carinata",0.599138888219992,18.7045625833333,10.7056612777778,1,3.79166666666667
"601","Placospongia intermedia",0.794000029563904,28.113432,7.351617,1,10
"602","Placospongia melobesioides",0.596615387843205,24.2407073846154,8.16880323076923,1,3.88461538461538
"603","Pleraplysilla spinifera",0.483000010251999,13.820814,2.329658,0,17.5
"604","Plocamiancora igzo",0.449999988079071,9.099524,46.958382,1,4
"605","Plocamione ornata",0.555999994277954,17.952546,1.796359,1,5.45
"606","Plocamionida lyoni",0.449999988079071,9.099524,46.958382,1,4
"607","Poecillastra compressa",0.507000029087067,15.010415,3.461484,1,79
"608","Poecillastra tenuilaminaris",0.847833310564359,5.39336397222222,59.84977275,1,84.8333333333333
"609","Polyfibrospongia contorta",0.675000011920929,25.692895,2.31999,0,22
"610","Polyfibrospongia delicata",0.593500003218651,25.160269,2.28726175,0,21.7875
"611","Polyfibrospongia flabellifera",0.586960002183914,24.02740472,8.15754756,0,20.256
"612","Polymastia aurantia",0.561999976634979,15.794956,2.828896,1,18
"613","Polymastia boletiformis",0.892833337187767,4.422691,50.9451293333333,1,89.6666666666667
"614","Polymastia crocea",0.594200003147125,12.758776,7.4167342,1,54.4
"615","Polymastia fluegeli",0.904315785357827,3.76338110526316,41.8571481578947,1,85.1578947368421
"616","Polymastia fusca",0.592999994754791,17.248648,2.199556,1,6.75
"617","Polymastia granulosa",0.697000026702881,11.468876,7.9416,1,7
"618","Polymastia hirsuta",0.630666673183441,12.547702,8.245697,1,33.8333333333333
"619","Polymastia invaginata",0.79449999332428,-1.505003,88.888557,1,77.25
"620","Polymastia massalis",0.622500002384186,14.86064725,4.86650975,1,21.25
"621","Polymastia pachymastia",0.905000001192092,4.7974225,50.520443,1,92
"622","Polymastia pacifica",0.816999971866608,4.9585,38.166161,1,99
"623","Polymastia pepo",0.604000002145767,17.7439925,1.8445645,1,16.5
"624","Polymastia rubens",0.569000005722046,17.778853,1.733089,1,18
"625","Prosuberites carriebowensis",0.665000021457672,7.667437,20.286915,1,20.25
"626","Prosuberites laughlini",0.550000011920929,5.188281,20.913103,1,2
"627","Prosuberites psammophilus",0.430399996042251,11.8285062,50.2987499,1,4.2
"628","Proteleia tapetum",0.561999976634979,15.794956,2.828896,1,22.5
"629","Protosuberites epiphytum",0.483000010251999,13.820814,2.329658,1,15
"630","Psammastra murrayi",0.607999980449677,15.574601,2.013898,1,3
"631","Psammocinia amodes",0.629000008106232,7.167124,19.972496,0,82
"632","Psammocinia beresfordae",0.59633332490921,13.9056353333333,8.00593666666667,0,31.75
"633","Psammocinia halmiformis",0.539666672547658,18.4079766666667,2.81682633333333,0,13.8333333333333
"634","Psammocinia maorimotu",0.592999994754791,17.248648,2.199556,0,6.75
"635","Psammocinia perforodosa",0.592999994754791,17.248648,2.199556,0,6.75
"636","Psammocinia vesiculifera",0.538999989628792,17.7891965,2.5041485,0,57.5
"637","Psammoclema densum",0.508000016212463,23.329274,1.993716,1,86
"638","Pseudoceratina arabica",0.690999984741211,2.034221,122.923759,0,12.25
"639","Pseudoceratina purpurea",0.5594285598823,22.2109638571429,20.6367245,0,8.62142857142857
"640","Pseudoceratina verrucosa",0.690999984741211,2.034221,122.923759,0,9.2
"641","Pseudosuberites montiniger",0.863999992609024,4.72320375,42.5739445,1,82.5
"642","Ptilocaulis walpersii",0.596000003814697,22.5672592,8.5525292,1,10.2
"643","Raspailia arbuscula",0.698000013828278,10.975152,10.974182,1,10
"644","Raspailia compressa",0.805000007152557,27.597319,2.018351,1,32
"645","Raspailia flaccida",0.627000004053116,8.028415,16.0019245,1,75.5
"646","Raspailia hyle",0.77700001001358,6.228155,54.238911,1,87.78
"647","Raspailia kennedyi",0.493999987840652,23.708346,2.128366,1,8
"648","Raspailia topsenti",0.625,12.3609428,7.0101706,1,53.5
"649","Raspailia vestigifera",0.537000000476837,16.758835,2.750783,1,77
"650","Reniochalina stalagmitis",0.616999998688698,27.536802125,6.0342475,1,26.2416666666667
"651","Rhabdastrella globostellata",0.61449999575104,22.167682,11.6100785,1,22.2875
"652","Rhabderemia sorokinae",0.764400005340576,10.1042784,32.6893754,1,24.64
"653","Rhaphidhistia belizensis",0.665000021457672,7.667437,20.286915,1,20
"654","Rhaphidhistia mirabilis",0.555999994277954,17.952546,1.796359,1,5.45
"655","Rhaphoxya pallida",0.523999989032745,23.265789,2.192689,1,70.5
"656","Rhopaloeides odorabile",0.594142857052031,23.1807083809524,9.07130157142857,0,19.0452380952381
"657","Sarcotragus fasciculatus",0.50957970213199,14.1456647536232,3.91919649275362,0,9.74782608695652
"658","Sarcotragus foetidus",0.463062502443791,14.710889,5.534151875,0,11.875
"659","Sarcotragus spinosulus",0.521166653434436,13.9072554666667,5.82555213333333,0,12.3666666666667
"660","Scalarispongia linteiformis",0.407999992370605,27.431085,6.113152,0,2
"661","Scopalina rubra",0.639999985694885,14.785545,11.445822,1,3.75
"662","Scopalina ruetzleri",0.496542855245726,19.6757735428571,17.3692115,1,3.55
"663","Semisuberites cribrosa",0.895357153245381,3.66830364285714,92.7883605,1,80.2857142857143
"664","Semitaspongia bactriana",0.592999994754791,17.248648,2.199556,0,4.5
"665","Semitaspongia glebosa",0.591000020503998,6.528605,32.995937,0,10
"666","Semitaspongia incompta",0.591000020503998,6.528605,32.995937,0,10
"667","Sigmosceptrella fibrosa",0.604000002145767,14.0914915,5.1289195,1,13
"668","Siphonodictyon coralliphagum",0.629562504589557,22.9282111875,8.312899,1,13.6875
"669","Siphonodictyon crypticum",0.457999997668796,8.70714688888889,64.2710963333333,1,1.83333333333333
"670","Siphonodictyon mucosum",0.740000009536743,23.615214,1.737186,1,20
"671","Siphonodictyon occultum",0.665000021457672,7.667437,20.286915,1,20
"672","Siphonodictyon paratypicum",0.682333350181579,18.5463696666667,29.475229,1,10.8
"673","Siphonodictyon xamaycaense",0.665000021457672,7.667437,20.286915,1,20.5
"674","Smenospongia aurea",0.503000020980835,24.786939,4.549456,0,8.5
"675","Smenospongia cerebriformis",0.665000021457672,7.667437,20.286915,0,21
"676","Smenospongia conulosa",0.454500004649163,25.5931355,4.804514,0,3
"677","Sollasella moretonensis",0.518500000238419,24.984509,2.3028085,1,27.25
"678","Sphaerotylus antarcticus",0.760666668415069,-1.52994066666667,78.31016,1,40.1666666666667
"679","Spheciospongia alcyonoides",0.510600006580353,24.049172,2.1307038,1,25.75
"680","Spheciospongia areolata",0.788999974727631,15.803433,9.844854,1,11.5
"681","Spheciospongia confoederata",0.443000003695488,4.97932,105.3230325,1,47.5
"682","Spheciospongia incrustans",0.445666665832202,13.4569818333333,33.3479214444444,1,2.69444444444444
"683","Spheciospongia papillosa",0.527833327651024,18.9408171666667,2.39706483333333,1,33.6166666666667
"684","Spheciospongia poculoides",0.592999994754791,26.631008,2.835297,1,20
"685","Spheciospongia robusta",0.611800014972687,14.8036822,3.8073636,1,52
"686","Spheciospongia ruetzleri",0.460999995470047,11.551005,35.060814,1,2
"687","Spheciospongia vagabunda",0.610733330249786,25.0930842,2.63480113333333,1,40.24
"688","Spheciospongia vesparium",0.413000002503395,26.8619195,5.5310055,1,3
"689","Spirastrella coccinea",0.591441175516914,19.8360049705882,10.7598620294118,1,10.7560294117647
"690","Spirastrella cunctatrix",0.541199988126755,16.0554704,7.0449498,1,10.6
"691","Spirastrella decumbens",0.419142855065209,19.7405417142857,16.3489197142857,1,3.35714285714286
"692","Spirastrella hartmani",0.822000026702881,28.07961,7.035932,1,10
"693","Spirastrella mollis",0.639999985694885,25.334142,6.431201,1,4
"694","Spongia gorgonocephalus",0.627000004053116,8.028415,16.0019245,0,75.5
"695","Spongia hispida",0.591000020503998,6.528605,32.995937,0,10
"696","Spongia manipulatus",0.588500007987023,10.315015,19.21273375,0,13.125
"697","Spongia mokohinau",0.566999971866608,17.301134,1.845758,0,6.5
"698","Spongia obliqua",0.550000011920929,5.188281,20.913103,0,2
"699","Spongia obscura",0.550000011920929,5.188281,20.913103,0,2
"700","Spongia officinalis",0.476242187200114,14.0219820390625,5.7770495,0,15.7109375
"701","Spongia tubulifera",0.550000011920929,5.188281,20.913103,0,2
"702","Spongia zimocca",0.550000011920929,5.188281,20.913103,0,2
"703","Stelletta arenaria",0.586499989032746,12.727663,7.478502,1,50.25
"704","Stelletta clarella",0.651933344205221,6.08614853333333,79.8284731333333,1,57.5426666666667
"705","Stelletta clavosa",0.671628570556641,25.0693355714286,8.45709302857143,1,19.6571428571429
"706","Stelletta communis",0.583999991416931,11.638203,8.334599,1,24.6
"707","Stelletta conulosa",0.583999991416931,11.638203,8.334599,1,10
"708","Stelletta crater",0.587500005960464,9.083404,20.665268,1,9.5
"709","Stelletta lithodes",0.683999985456467,13.92877,5.882397,1,16.25
"710","Stelletta maori",0.629000008106232,7.167124,19.972496,1,82
"711","Stelletta maxima",0.621499985456466,6.5057085,65.165415,1,61.5
"712","Stelletta purpurea",0.571999996900558,14.069508,5.857605,1,76
"713","Stelletta splendens",0.695727261629972,17.717055,25.2682322727273,1,22.2227272727273
"714","Stelletta tuberculata",0.488666673501333,17.210082,2.70075666666667,1,45.3333333333333
"715","Stellettinopsis megastylifera",0.665000021457672,7.667437,20.286915,1,1
"716","Stelodoryx oxeata",0.890500009059906,4.391502,51.0418055,1,68
"717","Stelodoryx toporoki",0.920000016689301,4.312014,56.677467,1,94
"718","Strepsichordaia lendenfeldi",0.584937501698732,23.150474375,8.3582575,0,20.215625
"719","Strongylacidon bermuda",0.654999971389771,3.592581,15.182499,1,1.75
"720","Strongylacidon conulosum",0.707000017166138,12.022578,8.751837,1,7
"721","Strongylacidon meganese",0.541666686534882,6.710298,84.1346003333333,1,3.16666666666667
"722","Strongylacidon rubrum",0.550000011920929,5.188281,20.913103,1,0.75
"723","Stryphnus ariena",0.601999986171723,12.7851018,7.5761284,1,80.1
"724","Stryphnus levis",0.573000013828278,16.405232,2.41752,1,65
"725","Stryphnus novaezealandiae",0.607499986886978,14.179421,5.609232,1,55.75
"726","Stylissa carteri",0.644407402586054,22.5069135925926,17.6571767777778,1,17.1685185185185
"727","Stylissa flabelliformis",0.649199998378754,16.921567,45.8291718,1,13.9
"728","Stylissa haurakii",0.581999987363816,15.909416,4.164706,1,41.475
"729","Stylissa massa",0.587555560800764,15.6621784444444,46.7163582222222,1,16.3444444444444
"730","Stylocordyla borealis",0.861999988555908,3.6518638,63.0712234,1,82.8
"731","Suberea clavata",0.704692299549396,18.9310440769231,19.2935747692308,0,17.8076923076923
"732","Suberea creba",0.582000017166138,9.310117,14.118716,0,17.5
"733","Suberea etiennei",0.442666659752528,16.3502535,58.9604661666667,0,1.58333333333333
"734","Suberea flavolivescens",0.665000021457672,7.667437,20.286915,0,20.5
"735","Suberea ianthelliformis",0.631466670831045,15.5941106,40.8327372666667,0,22.5733333333333
"736","Suberea meandrina",0.645199990272522,6.3513044,46.8234446,0,14.47
"737","Suberites affinis",0.513923065020488,14.141868,5.70317023076923,1,51.2692307692308
"738","Suberites aurantiacus",0.404333329626492,19.8643631904762,9.07179257142857,1,1.27380952380952
"739","Suberites caminatus",0.758000016212463,-1.541092,73.889076,1,15
"740","Suberites carnosus",0.773000001907349,11.916405,2.322003,1,10.5
"741","Suberites cupuloides",0.674428573676518,12.1011177142857,21.1042352857143,1,15.2857142857143
"742","Suberites domuncula",0.825339283528073,5.28950151785714,38.3507749732143,1,72.7045535714286
"743","Suberites ficus",0.835502958509344,5.02718522485207,39.8557099467456,1,74.2467455621302
"744","Suberites mineri",0.345000001100393,16.5951216923077,28.5693222307692,1,25
"745","Suberites montalbidus",0.893999993801117,4.4927815,24.4194435,1,87
"746","Suberites puncturatus",0.637499988079071,9.77430775,45.39427575,1,55.875
"747","Svenzea zeai",0.822000026702881,28.07961,7.035932,1,6
"748","Taonura flabelliformis",0.568000018596649,14.842455,3.700762,0,16
"749","Tectitethya crypta",0.426000008980433,25.9614666666667,4.87475933333333,1,0
"750","Tedania anhelans",0.512173905320789,15.4149205652174,10.8508967391304,1,8.17391304347826
"751","Tedania battershilli",0.566999971866608,17.301134,1.845758,1,6.5
"752","Tedania charcoti",0.819000005722046,0.764503333333333,70.132968,1,26.6666666666667
"753","Tedania connectens",0.591000020503998,6.528605,32.995937,1,10
"754","Tedania dirhaphis",0.860999981562297,4.948065,35.7401,1,89.3333333333333
"755","Tedania diversirhaphidiophora",0.825999975204468,6.926991,19.825424,1,10
"756","Tedania ignis",0.557473684612073,21.8245296842105,8.826895,1,1.31578947368421
"757","Tedania kagalaskai",0.885842100570077,4.33280431578947,60.3672397368421,1,78.8947368421053
"758","Tedania tantula",0.875285693577357,1.15707657142857,95.311906,1,80.2857142857143
"759","Tedania vanhoeffeni",0.852999985218048,1.026875,108.837502,1,82
"760","Tentorium semisuberites",0.820666670799256,5.28411833333333,36.7059433333333,1,80.3333333333333
"761","Terpios gelatinosus",0.773999989032745,11.878364,2.3379025,1,6.2
"762","Tethya actinia",0.570499986410141,26.0690055,5.0784385,1,4
"763","Tethya amplexa",0.565499991178513,16.7869045,2.2809925,1,18
"764","Tethya bergquistae",0.572285711765289,16.177399,3.10971671428571,1,15.2857142857143
"765","Tethya burtoni",0.606000006198883,17.373669,2.12648733333333,1,7.25
"766","Tethya californiana",0.373470592148164,16.5234918823529,21.8818541176471,1,10.3917647058824
"767","Tethya citrina",0.783999999364217,9.909516,3.54932366666667,1,35.3616666666667
"768","Tethya coccinea",0.527999997138977,27.726139,5.959332,1,47
"769","Tethya ensis",0.400000005960464,17.73791,5.929287,1,0
"770","Tethya fastigata",0.591000020503998,6.528605,32.995937,1,10
"771","Tethya ingalli",0.363000005483627,17.213213,3.174915,1,20
"772","Tethya japonica",0.639999985694885,14.785545,11.445822,1,3.75
"773","Tethya seychellensis",0.639999985694885,14.785545,11.445822,1,3.75
"774","Tethya taboga",0.402499996125698,19.437786375,12.5395435,1,2.4375
"775","Tethyopsis mortenseni",0.580000003178914,13.07087,6.91692633333333,1,79.6666666666667
"776","Tethytimea authia",0.409999996423721,22.895856,3.488853,1,3
"777","Tetilla australis",0.629000008106232,7.167124,19.972496,1,82
"778","Tetrapocillon novaezealandiae",0.601999998092652,14.426821,5.305346,1,9
"779","Thenea muricata",0.513999998569489,9.902373,24.4252,1,88.5
"780","Theonella atlantica",0.555999994277954,20.918146,5.854798,1,63
"781","Theonella deliqua",0.523999989032745,24.41634,2.158117,1,43.5
"782","Theonella maricae",0.523999989032745,24.464107,2.18255,1,33
"783","Theonella swinhoei",0.754571429320744,19.114946,30.2929927142857,1,18
"784","Theonella xantha",0.560121949126081,25.1618918292683,2.34616075609756,1,43.4414634146341
"785","Thoosa armata",0.63400000333786,24.090066,5.607813,1,2
"786","Thoosa calpulli",0.458272728053006,11.4797411818182,54.0651901818182,1,2.20454545454545
"787","Thoosa mismalolli",0.45333333384423,12.1092364285714,65.9652405238095,1,3.03571428571429
"788","Thoosa purpurea",0.526000022888184,4.634549,106.42202,1,2.5
"789","Thorecta latus",0.66100001335144,14.966386,2.590405,0,8
"790","Thorecta reticulatus",0.645599985122681,11.8650206,9.3313332,0,38.6
"791","Thorectandra boletus",0.578999996185303,15.222865,2.893056,0,8
"792","Thorectandra choanoides",0.598428572927203,14.6119604285714,4.18149242857143,0,34.7142857142857
"793","Thorectandra glomerosus",0.578999996185303,15.222865,2.893056,0,8
"794","Thorectandra papillosus",0.556749984622002,17.641069,1.75574175,0,21.25
"795","Timea chiasterina",0.441000014543533,7.246454,71.729698,1,1
"796","Timea floridusa",0.409999996423721,22.895856,3.488853,1,2
"797","Timea juantotoi",0.396399998664856,19.5297876,14.69001,1,2.5
"798","Timea ohuirae",0.352999995152156,15.486765,16.180919,1,2
"799","Timea oxyasterina",0.665000021457672,7.667437,20.286915,1,21
"800","Topsentia bahamensis",0.544000014662743,16.951634,12.6013,1,9
"801","Topsentia fibrosa",0.75900000333786,7.465147,42.930901,1,30
"802","Topsentia halichondrioides",0.699999988079071,3.520845,80.809547,1,28
"803","Topsentia ophiraphidites",0.566000014543534,16.543677,12.523974,1,10.5
"804","Trachycladus laevispirulifer",0.52100000778834,16.8133733333333,2.89818733333333,1,40.3333333333333
"805","Trikentrion helium",0.398000001907349,10.8561136666667,42.0000743333333,1,6.83333333333333
"806","Ulosa spongia",0.715249992907047,18.7040365,7.601131,1,25.25
"807","Vaceletia crypta",0.636749982833862,3.0541375,94.978855,0,29.625
"808","Verongula gigantea",0.579000016053518,14.9591863333333,13.28346,0,7.59666666666667
"809","Verongula reiswigi",0.545500016212463,24.4717716,4.8749742,0,4.95
"810","Verongula rigida",0.563375012949109,24.2148866875,5.0491519375,0,10.8628125
"811","Weberella bursa",0.857099992036819,3.9995386,38.3560684,1,82.9
"812","Wigginsia curlewensis",0.665000021457672,7.667437,20.286915,1,21
"813","Wigginsia wigginsi",0.925000011920929,3.871387,82.682358,1,94
"814","Xenospongia patelliformis",0.552933339277903,22.6139724,2.3643326,1,57.04
"815","Xestospongia bergquistia",0.549750007688999,24.83312775,2.2209825,1,16.4875
"816","Xestospongia bocatorensis",0.808500021696091,28.115074,7.337193,1,11
"817","Xestospongia coralloides",0.620000004768372,13.07245,4.608211,1,57
"818","Xestospongia deweerdtae",0.586000015338262,14.4961403333333,15.2658043333333,1,20.6666666666667
"819","Xestospongia diprosopia",0.646752296237771,7.99106951376147,52.0060122201835,1,83.2339449541284
"820","Xestospongia dubia",0.548000007867813,10.8972605,21.2933655,1,12.1925
"821","Xestospongia muta",0.618400001525879,11.482206,11.563584,1,29.779
"822","Xestospongia testudinaria",0.618218755349517,25.390823625,5.91198015625,1,19.2625
"823","Zyzzya criceta",0.596000015735626,25.694712,2.327929,1,1.95
"824","Zyzzya fuliginosa",0.727500006556511,22.34125425,4.57666875,1,20.25
"825","Zyzzya invemar",0.639999985694885,25.953247,4.475782,1,2
